id,user_id,amount
0,615571015,930.33
1,602385265,908.95
2,826752633,580.91
3,235673874,355.55
4,762506420,966.7
5,904469265,508.41
6,625247249,949.5
7,35229603,489.34
8,126021673,714.67
9,844114254,749.81
10,564149680,703.99
11,851244768,704.02
12,763129366,677.26
13,253868683,542.84
14,659957807,199.92
15,946780403,635.25
16,500308054,817.53
17,804600728,43.37
18,593243613,866.33
19,322963807,588.69
20,175120040,592.45
21,113313191,489.43
22,819860697,148.23
23,222773131,497.67
24,468148523,975.28
25,93195243,71.85
26,651195088,164.75
27,151550055,16.1
28,583383434,551.91
29,370247590,728.82
30,468454169,575.64
31,562746397,44.1
32,722512773,403.55
33,274039438,947.38
34,646931672,727.04
35,19206993,15.12
36,105098034,195.43
37,946946807,615.84
38,865532190,952.67
39,98121793,288.81
40,811058485,12.82
41,646196264,565.12
42,77119908,678.1
43,630930076,675.47
44,591474302,512.49
45,222773131,137.56
46,92029859,341.23
47,224831549,906.54
48,54866492,565.19
49,22296526,527.74
50,61043133,692.87
51,592664370,248.03
52,822211465,494.92
53,615571015,554.88
54,418165177,680.56
55,949053263,111.11
56,222773131,819.44
57,462740187,498.69
58,772855129,391.51
59,347063099,429.46
60,32973091,57.56
61,888026760,335.44
62,753062954,966.24
63,342330476,343.69
64,729807300,959.87
65,105098034,494.72
66,604557880,112.76
67,914174692,15.25
68,90172318,906.06
69,937664905,84.76
70,231659695,549.62
71,894723192,865.15
72,48857801,946.61
73,224831549,428.14
74,848610490,754.26
75,973867418,848.55
76,394935933,639.29
77,186139914,312.51
78,584199646,387.18
79,513867786,178.44
80,393287728,278.94
81,428547555,586.6
82,973970830,713.99
83,217259725,447.09
84,183945814,178.47
85,689593378,789.92
86,229055801,989.12
87,587378635,461.17
88,289998192,432.84
89,150894208,56.37
90,616603948,12.27
91,86512012,994.12
92,777596988,245.13
93,652944758,954.7
94,136908783,424.78
95,841491994,53.05
96,155929819,705.78
97,525575765,773.52
98,235913488,693.16
99,822211465,623.5
100,229287340,879.14
101,229055801,812.72
102,90172318,629.62
103,363130495,530.58
104,480052829,561.79
105,785351501,789.82
106,412897619,581.17
107,848610490,946.32
108,251830552,37.77
109,662083863,769.63
110,679717801,874.27
111,110152327,981.55
112,886288899,905.71
113,372810351,147.38
114,49482493,428.93
115,736792033,40.87
116,33326865,934.9
117,198375316,242.08
118,940400522,595.44
119,231659695,372.88
120,179672217,524.55
121,970125660,904.72
122,744466137,355.76
123,776110331,480.92
124,92501639,190.87
125,351248115,739.69
126,764174927,458.05
127,895680254,574.91
128,652248297,85.59
129,126021673,954.96
130,115123151,646.68
131,123822080,158.13
132,692895371,585.41
133,102057332,820.36
134,135391109,967.73
135,980047267,846.76
136,786838548,832.61
137,598442991,520.8
138,173917037,650.94
139,718439489,46.99
140,48939476,48.54
141,852434279,594.53
142,355025473,329.85
143,346422732,244.91
144,326388771,337.26
145,958656278,470.42
146,580955964,484.56
147,537102138,507.49
148,561950880,54.27
149,984781240,28.13
150,841282761,780.69
151,763282286,568.53
152,435409738,865.17
153,865580238,979.66
154,660083288,91.84
155,386293537,82.27
156,822211465,766.56
157,5109124,905.25
158,752026305,426.45
159,74129423,893.7
160,169755376,714.39
161,68484356,295.68
162,277736173,177.17
163,976811856,302.46
164,654253936,718.47
165,90172318,684.71
166,159751720,530.76
167,175712571,780.23
168,729807300,57.71
169,418165177,324.42
170,304189460,953.53
171,975049044,267.85
172,95593393,130.39
173,148109202,37.91
174,6662553,62.44
175,858530900,241.22
176,60740154,131.68
177,500308054,883.2
178,25914553,531.65
179,703739478,408.06
180,277736173,309.93
181,379726029,232.27
182,751782985,130.99
183,780451858,107.31
184,17006524,314.05
185,979790069,42.46
186,973867418,541.36
187,112269686,296.64
188,212471264,711.93
189,525106020,537.91
190,542507348,777.61
191,315677176,624.24
192,976537792,341.24
193,639096394,894.43
194,166820147,129.06
195,186735771,197.49
196,624582291,125.98
197,937664905,363.26
198,74129423,923.91
199,505781673,963.17
200,432589606,571.76
201,639823470,430.3
202,599701473,589.45
203,304960349,785.53
204,182847159,655.21
205,248422586,681.18
206,894723192,99.94
207,60740154,913.44
208,104959518,502.26
209,844006800,414.58
210,12795665,470.91
211,486970596,320.63
212,144414609,979.01
213,58215370,843.45
214,248533748,825.24
215,413329365,532.91
216,186716519,766.62
217,583383434,277.19
218,467742945,865.38
219,241195101,374.74
220,138152998,531.43
221,951569163,172.47
222,316826972,140.44
223,991610984,607.96
224,641765172,681.78
225,183946557,483.83
226,504862115,992.44
227,758329587,198.21
228,797784015,518.31
229,334295272,926.3
230,991610984,151.21
231,811058485,136.83
232,580304191,364.85
233,115123151,121.95
234,532761553,343.84
235,762506420,242.39
236,180209612,993.57
237,892060249,117.81
238,955665123,493.63
239,379337153,220.6
240,763323237,238.53
241,260493415,711.23
242,379950969,946.77
243,724200626,55.46
244,263718012,384.56
245,576355611,873.19
246,307686557,315.54
247,393287728,303.45
248,777596988,653.39
249,593266741,259.93
250,343213067,332.24
251,955296732,855.66
252,723478599,14.97
253,446708793,180.2
254,395912219,300.94
255,416244956,811.05
256,261984341,469.6
257,460595848,980.67
258,435409738,673.53
259,582032524,738.02
260,625007986,719.38
261,897660975,894.76
262,632015114,232.31
263,871288871,985.02
264,158429345,325.47
265,280936396,775.9
266,408830228,57.31
267,17009430,905.33
268,288007456,308.94
269,684084968,548.49
270,144414609,506.1
271,169755376,340.8
272,163239271,558.55
273,183946557,539.85
274,669795420,907.6
275,8385521,875.28
276,133361312,922.89
277,478695209,802.68
278,753062954,981.69
279,853518821,174.2
280,486509692,630.73
281,316826972,141.71
282,907235148,664.01
283,998833556,724.55
284,826752633,5.92
285,756820979,341.12
286,552386144,444.59
287,515107108,762.34
288,261088663,421.67
289,853611880,180.8
290,892060249,166.71
291,60740154,454.63
292,525575765,67.07
293,242079923,419.02
294,401197799,889.19
295,946255837,278.06
296,523642404,123.44
297,605662982,560.17
298,939036559,886.83
299,322879116,565.35
300,105098034,55.51
301,103090736,900.49
302,449977906,282.8
303,180209612,117.29
304,710612284,523.31
305,453925507,154.56
306,584199646,912.97
307,25137956,102.92
308,649923495,241.67
309,694800010,698.35
310,973867418,461.53
311,950661405,988.77
312,723564775,742.04
313,562467126,990.8
314,637504950,497.24
315,827012509,685.79
316,875961694,409.36
317,761599160,477.43
318,634460162,859.49
319,204796026,185.16
320,260493415,532.95
321,451391125,829.3
322,478695209,283.75
323,229623285,425.88
324,571294419,869.77
325,385046912,511.54
326,180188923,105.24
327,112269686,846.8
328,121477563,490.81
329,580955964,575.74
330,15083030,716.56
331,862314066,985.29
332,454880162,22.78
333,227315511,355.99
334,289998192,7.49
335,722512773,105.78
336,468780172,476.55
337,564149680,89.84
338,268655992,403.25
339,443755998,190.02
340,186139914,660.47
341,652944758,520.36
342,554377704,711.94
343,762506420,399.79
344,54428563,764.43
345,508234722,27.75
346,786838548,659.06
347,334719814,138.39
348,554848087,397.33
349,330690548,727.18
350,84474642,522.3
351,212471264,920.39
352,15083030,157.45
353,506444907,250.22
354,689835875,975.49
355,333438418,308.83
356,5109124,427.85
357,657690823,982.47
358,722512773,763.71
359,714345318,52.34
360,528302248,244.42
361,632015114,561.69
362,150294787,836.49
363,251830552,794.7
364,296486412,544.63
365,471771163,786.4
366,241195101,334.56
367,871288871,881.83
368,664806274,214.98
369,682732798,180.9
370,938433614,821.32
371,904293321,834.38
372,285945599,60.08
373,65357086,785.56
374,101116518,925.23
375,480052829,500.58
376,248422586,866.52
377,383615946,941.61
378,14774486,159.18
379,326388771,267.38
380,103090736,494.1
381,580490648,628.75
382,602385265,629.78
383,723564775,652.27
384,136908783,811.56
385,104959518,454.79
386,689835875,425.79
387,733070667,500.86
388,288007456,62.11
389,948173380,406.0
390,919308183,18.85
391,31850536,464.52
392,753658574,504.69
393,82031675,438.64
394,564149680,720.42
395,322879116,851.59
396,147547656,169.29
397,388583473,482.16
398,402963907,639.82
399,158429345,949.8
400,370247590,460.67
401,893897452,683.18
402,138351478,391.33
403,504862115,600.81
404,200905222,607.32
405,938577237,357.53
406,144414609,605.39
407,419968971,808.04
408,750225684,891.26
409,892922450,356.59
410,600906942,783.29
411,370117140,388.43
412,904469265,657.79
413,797245208,529.07
414,552386144,276.26
415,127159867,383.07
416,553173876,514.12
417,690163187,514.03
418,924770331,339.19
419,898725786,592.47
420,577474428,854.26
421,660083288,564.65
422,828130185,781.44
423,118500888,401.59
424,186735771,54.5
425,911162117,854.92
426,754499812,514.92
427,346422732,505.58
428,798436846,445.92
429,541336483,978.03
430,355754710,605.07
431,151550055,203.65
432,894280915,535.42
433,159751720,226.34
434,639401859,466.36
435,948173380,519.24
436,519723422,862.52
437,708873521,703.9
438,905226439,897.19
439,25099568,342.66
440,166820147,968.21
441,599701473,994.39
442,898725786,136.85
443,123822080,844.93
444,215832121,718.96
445,955296732,176.59
446,689835875,984.23
447,449977906,474.56
448,849848629,716.88
449,334281278,528.15
450,475434986,18.72
451,428255785,677.91
452,975049044,613.5
453,786838548,400.0
454,518040602,993.67
455,101893793,615.66
456,723564775,876.65
457,77119908,364.1
458,637610742,313.85
459,163239271,962.68
460,238197622,926.09
461,753647193,447.25
462,380128913,805.37
463,469105868,112.95
464,859538803,170.48
465,895644235,641.77
466,592664370,878.6
467,99885837,420.09
468,259661452,434.5
469,608720209,983.81
470,424065506,195.23
471,800891827,684.14
472,291213733,480.03
473,455612054,719.97
474,464697087,413.98
475,593266741,696.44
476,791000039,882.81
477,413329365,931.03
478,468454169,569.66
479,559081485,155.7
480,892060249,48.76
481,657690823,571.95
482,180209612,643.85
483,725129371,50.76
484,329583043,226.54
485,453925507,782.04
486,553195773,738.06
487,749116039,873.84
488,629590615,568.53
489,229113888,896.84
490,216171160,983.43
491,580304191,250.44
492,379726029,153.89
493,632882456,814.49
494,645757974,249.06
495,388583473,152.37
496,322879116,83.42
497,889294201,63.74
498,537102138,756.02
499,793691799,681.42
500,400280638,988.85
501,386293537,311.69
502,304157641,791.31
503,136908783,672.47
504,722512773,40.73
505,342330476,687.52
506,147547656,922.81
507,724200626,61.26
508,561852630,876.2
509,334295272,637.19
510,180386470,883.7
511,924912801,565.94
512,175599978,432.18
513,304157641,222.67
514,828487069,11.89
515,921761206,255.31
516,726169643,972.83
517,683777165,863.32
518,721448061,635.11
519,260493415,796.56
520,508234722,417.12
521,97864019,62.58
522,149516654,583.25
523,105098034,167.57
524,978799277,365.42
525,486970596,897.26
526,615022363,684.7
527,463385699,748.22
528,886288899,418.4
529,325681199,747.6
530,864471055,370.89
531,212471264,23.32
532,180188923,457.52
533,158019019,453.8
534,920769570,310.19
535,486509692,10.52
536,31850536,651.43
537,270242580,10.3
538,102057332,840.58
539,818440054,235.1
540,105098034,725.41
541,143566712,14.73
542,670616553,747.58
543,370247590,78.87
544,500987470,218.82
545,541370564,234.28
546,520322553,393.57
547,307686557,814.36
548,428547555,158.02
549,603631564,912.03
550,523858251,888.09
551,57132814,13.82
552,68484356,749.1
553,114509551,25.5
554,353703298,840.64
555,296486412,834.41
556,764174927,400.78
557,916975045,834.86
558,147697737,888.06
559,113313191,253.33
560,123822080,110.5
561,562467126,565.06
562,52633921,235.68
563,827012509,705.42
564,59536921,700.82
565,616403995,558.29
566,580490648,249.9
567,691464374,448.41
568,310296884,17.02
569,247077016,424.45
570,300797,915.44
571,202171386,828.97
572,341902003,175.96
573,378743434,671.01
574,865532190,274.48
575,115123151,297.46
576,957963142,137.83
577,588228561,700.53
578,679717801,690.48
579,202171386,826.25
580,57132814,978.49
581,781480033,752.6
582,183945814,599.87
583,871288871,485.68
584,938433614,217.31
585,625007986,547.38
586,797276759,565.56
587,138351478,121.77
588,696058738,662.63
589,836304129,742.36
590,103090736,110.68
591,523858251,40.61
592,81693792,519.65
593,860837945,673.08
594,270242580,210.64
595,814120503,384.99
596,381403957,383.88
597,854583,331.38
598,280936396,11.09
599,690041890,486.49
600,17006524,56.2
601,616403995,515.11
602,59536921,568.43
603,765372962,352.47
604,285945599,136.81
605,152528746,502.81
606,763323237,849.23
607,620142751,719.18
608,862314066,111.69
609,550986437,958.9
610,499562282,811.42
611,606097817,881.63
612,401197799,985.23
613,520801241,645.13
614,729807300,630.39
615,379950969,264.82
616,924912801,337.85
617,320160034,457.29
618,935192049,420.99
619,114090708,388.53
620,598442991,252.79
621,468454169,967.74
622,745304652,894.06
623,608425977,260.07
624,80672672,373.4
625,729807300,754.44
626,212949250,482.21
627,952281886,522.69
628,949053263,440.26
629,732414459,73.43
630,469105868,229.98
631,432181590,544.06
632,939036559,227.3
633,948712905,920.98
634,907235148,672.79
635,763682452,877.34
636,664806274,218.59
637,135391109,228.28
638,844006800,18.04
639,726456708,497.41
640,856163261,654.96
641,860837945,82.94
642,158349786,175.12
643,183145378,778.36
644,616603948,567.9
645,696874744,387.14
646,259661452,666.03
647,978799277,188.91
648,651195088,851.34
649,404323211,472.41
650,869737932,938.62
651,583383434,464.06
652,717050195,146.91
653,641765172,160.9
654,519723422,564.14
655,975049044,695.66
656,99242040,477.39
657,901898295,750.24
658,51611335,124.76
659,956447884,489.36
660,157095737,527.99
661,577741570,796.08
662,865532190,553.75
663,478695209,915.66
664,440257091,68.98
665,513867786,23.3
666,646931672,260.14
667,638287774,222.83
668,92614297,277.02
669,811508174,962.58
670,689593378,722.35
671,654253936,460.39
672,410593414,725.19
673,688784742,917.07
674,802711836,227.05
675,670616553,19.79
676,339076325,433.46
677,606329076,348.16
678,907378488,531.44
679,260493415,577.63
680,180128928,356.66
681,683777165,625.18
682,412897619,319.48
683,199695997,793.73
684,240661058,164.29
685,800891827,437.2
686,818440054,564.97
687,101163475,10.04
688,8385521,142.06
689,163239271,716.34
690,101163475,52.51
691,575849649,843.79
692,465110059,660.43
693,980727438,469.47
694,139596597,703.32
695,463385699,691.05
696,800891827,243.4
697,571294419,249.16
698,577533344,315.68
699,864471055,840.14
700,341902003,256.4
701,259661452,450.43
702,944657414,493.63
703,979790069,302.16
704,603631564,523.82
705,937988278,357.96
706,720994892,879.56
707,407263508,553.4
708,355025473,441.16
709,545171228,402.55
710,296190753,7.53
711,255930056,187.23
712,604557880,797.56
713,635585178,970.96
714,304189460,117.61
715,920806910,778.85
716,642165900,443.2
717,113313191,436.94
718,481858177,829.23
719,632882456,802.07
720,822211465,413.2
721,518040602,115.96
722,227539092,735.18
723,423938635,493.96
724,632015114,867.03
725,569493398,938.88
726,453867202,491.5
727,562746397,925.31
728,683777165,218.96
729,946780403,24.35
730,60512017,403.94
731,275334067,741.7
732,175120040,801.79
733,274717301,518.96
734,937988278,962.49
735,749116039,858.81
736,395912219,335.11
737,855856543,868.1
738,826752633,105.68
739,936589372,106.4
740,811508174,957.46
741,402963907,632.28
742,12795665,670.09
743,334281278,421.89
744,168622741,488.57
745,848610490,524.26
746,8385521,772.87
747,692895371,607.24
748,169755376,775.65
749,394935933,110.21
750,68630858,242.44
751,602385265,664.95
752,571294419,936.8
753,378216209,558.85
754,84474642,992.21
755,289648,512.88
756,166820147,756.84
757,291213733,26.33
758,471771163,637.25
759,980727438,726.98
760,248533748,511.57
761,74129423,832.29
762,32460703,358.0
763,65357086,158.68
764,426025146,763.31
765,236016174,70.71
766,545264651,420.42
767,465110059,374.75
768,168622741,798.12
769,976811856,111.95
770,944657414,659.84
771,739395282,153.28
772,33326865,232.79
773,404323211,712.03
774,852434279,659.81
775,739733291,515.04
776,99242040,513.04
777,110152327,906.9
778,404323211,373.37
779,731251852,243.52
780,718439489,830.3
781,199695997,354.02
782,486509692,105.22
783,114509551,518.85
784,763129366,449.11
785,342330476,40.97
786,17009430,163.06
787,428255785,141.35
788,300493140,387.29
789,616403995,617.6
790,444772473,249.06
791,434685363,586.08
792,639043303,140.87
793,187593722,75.88
794,639043303,373.91
795,866550733,525.39
796,334281278,456.45
797,726169643,195.87
798,935202446,275.68
799,662038307,13.71
800,80672672,87.65
801,518040602,275.75
802,395912219,922.59
803,229287340,601.25
804,410593414,122.14
805,214420977,869.46
806,322879116,52.84
807,331778786,770.38
808,615022363,791.81
809,367181465,34.32
810,378216209,491.89
811,920806910,730.88
812,104959518,926.44
813,980060396,59.81
814,310296884,856.73
815,830544704,224.83
816,701794398,760.04
817,637362296,683.29
818,370117140,686.69
819,525575765,59.05
820,212949250,14.99
821,780451858,502.99
822,875961694,313.69
823,270242580,373.76
824,639043303,438.26
825,871560816,874.11
826,118500888,855.81
827,682732798,279.0
828,561852630,588.61
829,711980384,159.99
830,980727438,886.3
831,946946807,813.5
832,478695209,985.38
833,892060249,465.31
834,291772309,440.95
835,394935933,383.67
836,216171160,351.55
837,815068338,114.39
838,285520816,555.92
839,274039438,746.22
840,358551261,171.74
841,625247249,848.84
842,287392176,43.04
843,752026305,130.34
844,973867418,666.52
845,657690823,754.75
846,235913488,442.64
847,887248483,539.32
848,574310304,576.59
849,949053263,956.9
850,919308183,750.97
851,346422732,165.01
852,183946557,688.55
853,975049044,642.59
854,231659695,861.36
855,791000039,286.4
856,851754225,747.31
857,645336117,209.86
858,518803269,486.49
859,212471264,134.03
860,956447884,345.87
861,797276759,371.26
862,634460162,139.06
863,637504950,642.15
864,261088663,925.95
865,467283095,723.55
866,669995190,339.55
867,935192049,864.97
868,662038307,445.96
869,183946557,910.63
870,401197799,774.61
871,911162117,68.28
872,289648,239.59
873,955665123,797.8
874,12795665,654.43
875,201232149,600.59
876,541921248,152.85
877,54866492,24.82
878,608720209,74.18
879,588228561,9.46
880,47127082,909.07
881,402963907,443.42
882,475434986,168.17
883,186735771,315.94
884,192926378,623.74
885,443755998,577.69
886,604959069,620.32
887,639401859,156.86
888,222773131,860.05
889,980727438,137.55
890,860837945,753.31
891,717855213,535.87
892,19206993,236.43
893,334719814,24.28
894,781480033,590.98
895,508757534,586.26
896,45309434,593.34
897,214420977,739.59
898,478695209,447.36
899,892060249,33.38
900,950661405,498.37
901,202535162,748.27
902,859233277,865.0
903,914174692,539.75
904,483017193,84.43
905,528302248,174.76
906,310413301,865.18
907,786838548,860.34
908,669995190,425.62
909,604959069,771.88
910,724200626,859.92
911,255930056,257.76
912,984996966,596.85
913,598442991,219.63
914,98121793,255.79
915,300148685,593.31
916,365532820,346.2
917,753658574,588.24
918,6452834,980.41
919,103090736,594.63
920,851754225,535.79
921,604959069,75.25
922,16311956,721.42
923,891517560,777.0
924,660083288,663.9
925,863852973,609.06
926,166256080,337.67
927,136414100,647.71
928,854583,866.24
929,52633921,74.19
930,255930056,116.98
931,329583043,496.12
932,970125660,937.35
933,287392176,4.67
934,975049044,103.25
935,104959518,849.08
936,245543648,347.64
937,413329365,93.86
938,537489386,481.47
939,615571015,894.76
940,222773131,504.18
941,826752633,855.52
942,35058738,651.72
943,654253936,396.05
944,502189141,708.39
945,621544764,900.9
946,6662553,918.51
947,6452834,927.8
948,937664905,913.92
949,235913488,825.29
950,561852630,664.75
951,329666742,355.44
952,957963142,755.49
953,394935933,199.97
954,723564775,537.48
955,183945814,686.7
956,890767984,647.87
957,334295272,631.24
958,338630776,166.84
959,580490648,495.65
960,767845657,107.46
961,307686557,850.27
962,853518821,788.33
963,886288899,829.02
964,144414609,649.38
965,355754710,889.71
966,935192049,364.98
967,341902003,531.51
968,235654860,612.09
969,756743761,473.87
970,424065506,751.0
971,664806274,63.23
972,66987993,714.3
973,745304652,987.52
974,644546854,549.78
975,381403957,40.72
976,486650479,575.37
977,309588315,268.69
978,916975045,771.71
979,860078559,412.45
980,509838915,750.24
981,717050195,453.8
982,326388771,819.06
983,391382023,348.76
984,645757974,686.14
985,464697087,625.34
986,17009430,789.45
987,710650152,993.67
988,739733291,901.67
989,819860697,585.86
990,330394170,300.84
991,304189460,87.23
992,199695997,614.93
993,499694457,723.06
994,443755998,490.02
995,722512773,291.55
996,235913488,542.26
997,464089402,682.0
998,550850584,858.74
999,745304652,393.79
1000,873473880,194.63
1001,100124352,572.38
1002,865532190,216.61
1003,566041280,171.31
1004,951569163,392.12
1005,467742945,877.9
1006,449977906,841.5
1007,973970830,152.6
1008,532761553,758.55
1009,525106020,504.48
1010,385046912,633.66
1011,274039438,355.23
1012,602385265,874.46
1013,235654860,441.48
1014,354786012,401.42
1015,440257091,291.39
1016,701794398,145.42
1017,418165177,790.93
1018,229113888,570.53
1019,147697737,313.4
1020,626763509,942.71
1021,797784015,718.98
1022,123822080,783.61
1023,905226439,58.05
1024,17006524,218.85
1025,398137282,325.54
1026,875961694,651.17
1027,626763509,591.82
1028,80672672,937.36
1029,970239218,595.06
1030,531184125,373.76
1031,255930056,458.75
1032,229623285,517.91
1033,371389981,85.06
1034,652250652,846.52
1035,930247982,9.5
1036,508234722,324.88
1037,603631564,953.8
1038,892060249,732.24
1039,261088663,359.31
1040,114090708,226.29
1041,620700499,398.85
1042,946780403,607.22
1043,57132814,631.42
1044,426228482,194.46
1045,920769570,368.82
1046,171413076,632.09
1047,980727438,826.53
1048,772855129,921.44
1049,815068338,410.12
1050,559081485,422.97
1051,645757974,501.42
1052,486509692,498.86
1053,707116262,445.92
1054,158429345,116.51
1055,247077016,711.92
1056,301860164,757.41
1057,550986437,565.01
1058,133361312,782.45
1059,975049044,338.4
1060,370247590,936.12
1061,694800010,277.44
1062,467742945,892.63
1063,567389634,533.76
1064,353436061,269.81
1065,869737932,885.05
1066,510071687,407.59
1067,722512773,721.53
1068,797245208,893.35
1069,98077690,841.23
1070,710650152,387.81
1071,291213733,258.16
1072,688784742,469.58
1073,32973091,843.2
1074,127159867,81.91
1075,127159867,7.67
1076,508234722,368.53
1077,899583252,990.61
1078,630930076,483.59
1079,642165900,523.61
1080,57132814,643.8
1081,733070667,681.32
1082,307686557,700.41
1083,25914553,410.75
1084,17009430,665.16
1085,880542667,545.27
1086,554848087,553.45
1087,451391125,648.25
1088,33067807,847.11
1089,5109124,730.55
1090,175712571,198.29
1091,652944758,852.98
1092,818440054,427.81
1093,936589372,466.01
1094,428255785,734.76
1095,260493415,645.86
1096,664806274,380.54
1097,620700499,202.43
1098,274039438,169.25
1099,49383998,940.5
1100,101116518,22.08
1101,175712571,685.51
1102,118500888,866.47
1103,2563801,491.06
1104,705910258,866.09
1105,330394170,944.07
1106,175712571,343.76
1107,895680254,177.37
1108,690163187,617.52
1109,202535162,998.54
1110,937988278,738.78
1111,48857801,333.53
1112,388583473,763.07
1113,14774486,251.64
1114,148109202,345.19
1115,222773131,8.12
1116,93195243,843.04
1117,6662553,658.17
1118,764174927,318.07
1119,468279975,934.43
1120,669995190,113.17
1121,827662,82.11
1122,968918583,374.9
1123,150894208,987.92
1124,675062702,762.71
1125,552838945,398.73
1126,328196499,741.39
1127,491636057,211.48
1128,12411824,646.11
1129,285520816,516.9
1130,229623285,403.16
1131,51611335,214.01
1132,930247982,970.04
1133,245543648,487.83
1134,781480033,525.9
1135,68484356,626.53
1136,201397491,417.07
1137,468279975,220.54
1138,976537792,518.69
1139,506444907,636.57
1140,385046912,244.58
1141,15083030,614.9
1142,160207457,48.34
1143,897660975,146.41
1144,376654106,581.6
1145,33326865,722.48
1146,380475694,480.9
1147,245543648,907.47
1148,815068338,261.06
1149,179672217,921.18
1150,844006800,312.72
1151,542507348,777.17
1152,433627837,707.85
1153,17009430,971.11
1154,5109124,807.38
1155,248422586,311.51
1156,651195088,75.87
1157,576355611,687.15
1158,979790069,849.42
1159,547067757,468.19
1160,427085549,956.55
1161,485151761,687.53
1162,469513550,302.3
1163,159751720,117.41
1164,703609007,170.99
1165,915821643,817.46
1166,153408776,338.72
1167,604959069,80.62
1168,180128928,886.83
1169,62420793,204.04
1170,180128928,880.79
1171,758857881,672.77
1172,754499812,747.94
1173,199695997,399.18
1174,925328219,471.02
1175,944657414,528.61
1176,606329076,735.59
1177,407263508,19.16
1178,300797,596.09
1179,739124323,879.71
1180,860078559,197.03
1181,99242040,922.66
1182,634460162,595.45
1183,549435240,39.29
1184,192926378,785.23
1185,732438931,751.06
1186,8385521,904.82
1187,25064241,224.6
1188,707310434,437.1
1189,520801241,385.76
1190,723478599,237.61
1191,701794398,119.85
1192,827012509,632.72
1193,598442991,869.09
1194,248422586,792.7
1195,225481019,96.49
1196,802711836,405.23
1197,524567239,504.75
1198,288007456,446.98
1199,395912219,813.26
1200,401197799,19.25
1201,574310304,615.24
1202,523858251,550.78
1203,52469405,785.85
1204,35229603,532.03
1205,662038307,276.99
1206,777596988,300.41
1207,43236974,9.25
1208,732438931,690.94
1209,322879116,824.61
1210,17006524,560.84
1211,371389981,830.51
1212,800891827,531.4
1213,85691445,710.15
1214,6452834,429.4
1215,338281009,316.05
1216,241658634,897.24
1217,670616553,45.92
1218,175120040,531.82
1219,92614297,532.92
1220,525169762,294.62
1221,785351501,837.91
1222,639096394,32.23
1223,343213067,153.81
1224,428547555,802.21
1225,121687850,673.57
1226,104959518,293.14
1227,641765172,329.38
1228,645336117,258.47
1229,236332934,113.99
1230,602385265,10.79
1231,400645564,301.91
1232,66987993,233.65
1233,391382023,924.31
1234,51879066,359.77
1235,785351501,216.26
1236,800912453,664.78
1237,564149680,60.85
1238,603631564,976.38
1239,42428090,668.14
1240,691464374,281.95
1241,183946557,103.66
1242,753658574,192.75
1243,325681199,963.27
1244,724200626,324.72
1245,632882456,65.5
1246,844114254,586.28
1247,273173130,286.38
1248,388583473,694.01
1249,851244768,447.62
1250,428718899,403.42
1251,977635382,814.23
1252,307686557,698.93
1253,847448857,158.5
1254,160207457,711.04
1255,330690548,49.81
1256,478695209,491.55
1257,300493140,158.43
1258,509838915,0.6
1259,639823470,752.54
1260,365532820,193.37
1261,646196264,450.29
1262,561950880,611.79
1263,866550733,355.06
1264,571294419,175.31
1265,330394170,681.02
1266,48857801,236.57
1267,168377075,293.56
1268,451391125,92.28
1269,944657414,837.42
1270,467742945,162.83
1271,402963907,560.77
1272,215832121,704.97
1273,988467358,918.78
1274,924912801,374.43
1275,664806274,356.01
1276,378216209,618.41
1277,630930076,371.47
1278,928520507,938.93
1279,92501639,892.98
1280,537102138,740.81
1281,637610742,389.12
1282,467283095,392.92
1283,200905222,156.04
1284,859233277,483.76
1285,463339546,24.99
1286,890767984,959.37
1287,204796026,718.69
1288,74129423,917.32
1289,240661058,943.92
1290,363130495,559.19
1291,201700987,925.42
1292,541336483,623.38
1293,127130010,441.47
1294,393753552,151.32
1295,587378635,325.59
1296,379726029,301.45
1297,245543648,652.93
1298,187593722,195.46
1299,102042756,650.89
1300,525106020,455.07
1301,52469405,279.31
1302,979790069,530.5
1303,892060249,247.35
1304,588228561,711.68
1305,220596437,879.89
1306,427085549,240.4
1307,851754225,285.07
1308,791000039,356.09
1309,865580238,310.78
1310,202171386,798.53
1311,143566712,651.7
1312,255930056,781.35
1313,201700987,836.04
1314,143566712,549.37
1315,355754710,593.46
1316,5109124,478.3
1317,376654106,274.48
1318,14774486,90.61
1319,523642404,604.73
1320,745304652,845.09
1321,309588315,563.08
1322,541336483,752.91
1323,186139914,448.9
1324,899494713,400.08
1325,574310304,708.84
1326,895644235,806.68
1327,793500426,956.1
1328,615022363,201.5
1329,163239271,999.63
1330,520322553,854.87
1331,703739478,252.1
1332,626763509,784.02
1333,587378635,830.27
1334,138351478,455.82
1335,726918306,484.07
1336,101163475,762.92
1337,224831549,807.49
1338,486650479,251.08
1339,762506420,429.08
1340,30377014,996.9
1341,49482493,692.78
1342,99885837,97.57
1343,136908783,344.25
1344,341902003,909.88
1345,444772473,335.67
1346,446708793,698.17
1347,240661058,734.85
1348,463339546,308.31
1349,229055801,336.36
1350,33326865,641.28
1351,826752633,783.23
1352,812915516,851.81
1353,186716519,758.35
1354,346422732,779.77
1355,60740154,38.87
1356,296486412,399.68
1357,56477489,964.78
1358,857232865,912.08
1359,446115590,494.6
1360,639823470,812.65
1361,380475694,796.0
1362,602385265,217.23
1363,463339546,655.37
1364,159751720,678.13
1365,998833556,354.66
1366,793500426,70.7
1367,253868683,72.15
1368,57132814,923.32
1369,798436846,646.28
1370,718439489,37.45
1371,630930076,252.11
1372,930247982,757.51
1373,220596437,655.08
1374,761599160,941.16
1375,433627837,546.5
1376,289998192,678.87
1377,469105868,918.84
1378,751782985,311.45
1379,892060249,289.02
1380,166820147,431.18
1381,288007456,714.55
1382,104959518,747.99
1383,577474428,190.12
1384,629590615,214.78
1385,435409738,231.92
1386,848610490,83.94
1387,136414100,172.19
1388,531184125,410.99
1389,928520507,219.89
1390,98077690,454.05
1391,683777165,495.78
1392,60362233,147.04
1393,201700987,509.08
1394,944657414,580.01
1395,982557728,568.51
1396,246190191,578.73
1397,582032524,472.93
1398,552838945,876.42
1399,858530900,505.84
1400,285945599,597.65
1401,31850536,463.2
1402,502189141,221.1
1403,187593722,456.42
1404,690163187,235.7
1405,92614297,841.13
1406,895680254,701.95
1407,726918306,913.9
1408,98077690,795.02
1409,300493140,411.55
1410,168622741,717.17
1411,655723879,35.73
1412,201700987,938.98
1413,646196264,884.86
1414,644830436,195.86
1415,567389634,680.53
1416,498863998,703.64
1417,229055801,624.17
1418,541921248,464.09
1419,52469405,89.91
1420,478695209,73.89
1421,35058738,38.58
1422,825246857,638.92
1423,815068338,79.92
1424,750225684,450.66
1425,604959069,729.92
1426,329583043,851.12
1427,722512773,788.48
1428,81693792,2.38
1429,587378635,665.05
1430,780451858,723.94
1431,198375316,282.88
1432,112077635,765.41
1433,486509692,420.53
1434,453925507,365.79
1435,584199646,728.26
1436,270286454,287.72
1437,108179391,762.0
1438,220596437,592.86
1439,736792033,569.23
1440,334281278,32.7
1441,632015114,913.36
1442,315677176,719.63
1443,33067807,553.25
1444,449016325,226.48
1445,169755376,167.51
1446,692624950,215.81
1447,631033062,489.23
1448,42428090,185.36
1449,106271066,919.58
1450,97864019,8.86
1451,229623285,570.8
1452,378216209,50.9
1453,553173876,841.55
1454,486444286,428.21
1455,354786012,727.62
1456,224831549,92.34
1457,270242580,865.27
1458,424248748,353.78
1459,564149680,641.23
1460,499694457,676.22
1461,639401859,632.25
1462,868861437,33.95
1463,175712571,103.94
1464,840948552,218.48
1465,395912219,405.01
1466,309588315,663.09
1467,163239271,630.98
1468,329583043,846.79
1469,459361512,835.37
1470,150294787,881.07
1471,818440054,214.76
1472,235673874,978.1
1473,644546854,313.92
1474,580304191,52.15
1475,800891827,359.34
1476,970461007,805.63
1477,48857801,196.02
1478,54428563,691.49
1479,277736173,222.44
1480,42428090,582.22
1481,944657414,934.17
1482,844006800,468.45
1483,518803269,552.31
1484,467742945,364.86
1485,331778786,346.78
1486,391453148,340.18
1487,469513550,290.04
1488,708873521,24.23
1489,127130010,217.68
1490,51611335,325.62
1491,416673283,351.48
1492,911162117,611.11
1493,93195243,852.81
1494,758857881,391.46
1495,464697087,280.94
1496,625247249,738.06
1497,916975045,956.37
1498,798436846,95.53
1499,911162117,79.8
1500,780451858,71.42
1501,16311956,830.03
1502,893897452,702.48
1503,475434986,702.54
1504,17009430,5.48
1505,600554995,702.07
1506,547067757,348.55
1507,580955964,869.46
1508,907378488,213.87
1509,180386470,310.78
1510,112077635,981.99
1511,626763509,351.44
1512,136908783,213.1
1513,101163475,366.75
1514,593266741,523.16
1515,86512012,297.93
1516,625247249,674.09
1517,810513864,970.6
1518,508234722,911.9
1519,314651005,710.7
1520,964194115,925.11
1521,888026760,441.56
1522,393287728,204.14
1523,669995190,840.78
1524,256973377,906.87
1525,826752633,155.13
1526,315916612,104.21
1527,468148523,915.86
1528,834742401,462.23
1529,936589372,204.0
1530,101116518,48.07
1531,926933397,801.62
1532,577474428,504.9
1533,310296884,373.7
1534,753062954,977.68
1535,304189460,613.83
1536,270242580,588.77
1537,550986437,229.6
1538,404323211,33.3
1539,168622741,922.92
1540,42428090,216.66
1541,732438931,191.4
1542,616403995,380.17
1543,104959518,708.64
1544,749116039,239.43
1545,426228482,115.3
1546,780451858,386.29
1547,555523048,170.2
1548,449977906,377.22
1549,968918583,241.25
1550,515107108,489.95
1551,468454169,998.9
1552,976537792,656.24
1553,104959518,129.38
1554,147697737,803.01
1555,214420977,912.99
1556,644546854,828.32
1557,848051512,359.94
1558,424248748,232.84
1559,93195243,816.22
1560,733070667,674.35
1561,281727207,254.8
1562,222773131,366.08
1563,664806274,947.58
1564,978799277,580.68
1565,805316091,827.39
1566,988467358,679.57
1567,277736173,687.3
1568,432181590,14.23
1569,541336483,775.95
1570,717050195,552.02
1571,440257091,707.64
1572,951569163,152.13
1573,706775738,259.05
1574,270950376,504.97
1575,102057332,756.5
1576,462744874,78.06
1577,310413301,713.05
1578,552838945,126.91
1579,524567239,348.39
1580,163239271,984.92
1581,706775738,454.13
1582,739395282,65.68
1583,564149680,447.98
1584,553173876,906.68
1585,510071687,647.75
1586,486444286,346.17
1587,706775738,19.64
1588,718439489,715.12
1589,372810351,729.85
1590,554848087,244.28
1591,729807300,570.27
1592,129504070,874.41
1593,177321071,227.79
1594,940400522,259.07
1595,736312971,367.87
1596,744466137,42.32
1597,108179391,622.26
1598,26671927,980.65
1599,860078559,590.54
1600,652944758,632.41
1601,764174927,591.11
1602,729807300,880.9
1603,639823470,17.56
1604,57132814,735.3
1605,946946807,502.1
1606,951569163,726.75
1607,717855213,966.08
1608,107220012,547.3
1609,694800010,28.34
1610,97478296,600.5
1611,393753552,389.04
1612,180128928,742.26
1613,378743434,725.71
1614,758329587,163.23
1615,621748308,358.64
1616,690163187,982.63
1617,212471264,186.63
1618,86512012,510.04
1619,301860164,761.85
1620,862314066,921.78
1621,717050195,229.36
1622,227539092,208.13
1623,937664905,267.14
1624,608720209,675.96
1625,464089402,210.09
1626,893897452,888.77
1627,541370564,187.44
1628,150894208,632.31
1629,505781673,994.08
1630,379337153,898.15
1631,502189141,660.33
1632,114090708,250.85
1633,300493140,835.97
1634,564149680,243.84
1635,49383998,446.31
1636,509838915,2.73
1637,201397491,320.49
1638,970239218,962.63
1639,944657414,331.59
1640,672835812,367.27
1641,486970596,631.22
1642,548653716,268.06
1643,703739478,303.28
1644,758857881,832.82
1645,102057332,289.86
1646,938433614,405.78
1647,762506420,679.27
1648,605662982,794.55
1649,241658634,210.05
1650,320160034,726.55
1651,6452834,979.58
1652,171413076,65.22
1653,523858251,152.76
1654,762506420,957.72
1655,270242580,203.39
1656,446708793,918.73
1657,51879066,390.94
1658,868861437,335.44
1659,854583,448.13
1660,490714642,505.82
1661,851754225,257.19
1662,717050195,327.31
1663,853611880,189.19
1664,603631564,318.2
1665,692895371,17.58
1666,138351478,678.45
1667,615022363,808.99
1668,754499812,596.64
1669,328196499,929.68
1670,183945814,911.08
1671,205866271,7.81
1672,224129713,712.7
1673,637610742,98.25
1674,424248748,193.22
1675,300797,143.88
1676,149516654,103.67
1677,418165177,836.26
1678,394935933,587.3
1679,499694457,966.85
1680,721991656,480.06
1681,224831549,378.07
1682,822753298,201.78
1683,869737932,185.46
1684,670616553,779.26
1685,468454169,625.02
1686,43236974,739.41
1687,351248115,263.25
1688,841491994,62.87
1689,451391125,174.35
1690,575849649,649.24
1691,675062702,367.27
1692,85691445,895.7
1693,660083288,106.83
1694,765372962,752.48
1695,911162117,516.65
1696,132686248,855.16
1697,571294419,53.66
1698,897660975,857.34
1699,274039438,204.54
1700,281727207,682.26
1701,545171228,683.83
1702,537102138,917.33
1703,604557880,549.21
1704,710650152,112.98
1705,973867418,219.07
1706,325681199,674.31
1707,574310304,578.39
1708,113313191,499.16
1709,451391125,31.69
1710,152528746,800.72
1711,763323237,633.61
1712,765372962,492.44
1713,928520507,971.18
1714,552838945,73.73
1715,129504070,428.06
1716,227539092,971.7
1717,370247590,649.8
1718,138351478,616.65
1719,822211465,319.63
1720,159842959,704.51
1721,880542667,198.15
1722,683777165,139.98
1723,525861192,939.84
1724,639823470,596.46
1725,717050195,474.51
1726,578028950,342.65
1727,602385265,231.44
1728,19206993,907.75
1729,892060249,432.99
1730,508757534,222.41
1731,378216209,139.05
1732,756743761,502.25
1733,537102138,18.16
1734,948712905,581.11
1735,856163261,909.2
1736,247077016,548.66
1737,304505481,837.3
1738,270286454,663.9
1739,14774486,449.66
1740,905226439,916.16
1741,761055094,885.7
1742,598907781,89.28
1743,467742945,195.87
1744,688784742,688.68
1745,216171160,901.44
1746,946255837,9.64
1747,592664370,768.16
1748,752026305,108.4
1749,753658574,248.91
1750,201700987,834.08
1751,729807300,699.13
1752,739124323,582.06
1753,764174927,795.95
1754,212949250,486.54
1755,545264651,724.39
1756,57991585,153.46
1757,523642404,375.31
1758,604557880,545.47
1759,300148685,201.22
1760,464697087,636.9
1761,449977906,13.78
1762,52633921,198.36
1763,144844700,166.01
1764,645336117,115.99
1765,222773131,589.65
1766,982557728,445.34
1767,396890331,955.4
1768,315916612,306.06
1769,894723192,900.61
1770,49585975,251.91
1771,736792033,487.78
1772,620142751,824.21
1773,150894208,604.65
1774,525169762,165.97
1775,455612054,381.3
1776,138152998,953.56
1777,103090736,21.23
1778,581341041,970.41
1779,467742945,958.08
1780,818440054,237.44
1781,173917037,679.56
1782,108179391,705.03
1783,691464374,14.92
1784,683777165,498.83
1785,889294201,296.66
1786,675062702,493.65
1787,541370564,896.99
1788,281727207,936.0
1789,270950376,676.79
1790,888026760,93.44
1791,314651005,663.01
1792,236016174,581.49
1793,639401859,475.76
1794,875961694,364.25
1795,547067757,134.93
1796,147697737,949.32
1797,464760716,606.7
1798,649923495,417.81
1799,329666742,320.25
1800,762506420,528.21
1801,978799277,278.88
1802,736312971,171.32
1803,33326865,925.08
1804,220596437,453.55
1805,469105868,746.97
1806,270286454,460.06
1807,296486412,50.13
1808,562467126,121.37
1809,235913488,318.62
1810,355025473,462.37
1811,864471055,134.02
1812,342330476,513.51
1813,222773131,886.02
1814,825246857,511.22
1815,180188923,976.43
1816,692624950,325.57
1817,291772309,385.7
1818,692624950,426.43
1819,562467126,146.13
1820,97478296,985.09
1821,86512012,578.28
1822,946780403,469.24
1823,462740187,798.5
1824,166256080,98.08
1825,625007986,423.53
1826,690527446,925.91
1827,602385265,418.06
1828,822211465,143.5
1829,379337153,375.44
1830,453925507,62.92
1831,946780403,789.38
1832,491636057,281.76
1833,749116039,740.01
1834,376654106,75.54
1835,586851609,314.06
1836,562746397,516.21
1837,370247590,582.98
1838,320160034,443.5
1839,236332934,884.25
1840,916975045,312.68
1841,9011298,191.88
1842,212471264,842.71
1843,797245208,415.72
1844,486444286,399.76
1845,136414100,949.61
1846,268655992,924.26
1847,175712571,703.99
1848,510071687,846.22
1849,841146964,139.46
1850,413329365,853.76
1851,160207457,831.77
1852,899583252,65.16
1853,92029859,405.17
1854,212949250,31.88
1855,859538803,503.25
1856,669861883,879.16
1857,247077016,53.31
1858,51879066,17.42
1859,97478296,471.98
1860,339076325,240.6
1861,118500888,581.78
1862,43236974,582.83
1863,808032667,983.26
1864,338630776,369.61
1865,626763509,503.99
1866,170401553,818.76
1867,90172318,919.04
1868,814120503,431.73
1869,248533748,952.29
1870,127159867,826.94
1871,696874744,618.75
1872,404323211,827.25
1873,646196264,573.9
1874,793500426,787.68
1875,545264651,956.84
1876,220596437,788.35
1877,848051512,832.68
1878,102057332,366.69
1879,371389981,551.85
1880,47127082,53.31
1881,920226147,34.69
1882,481858177,575.35
1883,726918306,495.99
1884,494596916,554.48
1885,805388408,482.03
1886,825246857,548.63
1887,509585978,98.49
1888,805388408,814.79
1889,157095737,697.6
1890,957963142,345.95
1891,240661058,480.69
1892,51879066,466.24
1893,919308183,753.13
1894,753658574,484.09
1895,765372962,753.22
1896,632882456,18.06
1897,767845657,493.6
1898,926933397,83.04
1899,797245208,25.36
1900,651195088,35.89
1901,97864019,867.6
1902,551565374,559.38
1903,611430267,836.76
1904,859645428,816.73
1905,940400522,916.66
1906,973970830,328.0
1907,750225684,467.38
1908,363130495,200.54
1909,739124323,376.93
1910,898725786,358.65
1911,57991585,255.82
1912,199695997,680.58
1913,16311956,636.11
1914,970239218,153.61
1915,186139914,331.98
1916,703609007,490.68
1917,407263508,660.89
1918,958656278,51.12
1919,99242040,229.34
1920,654253936,309.73
1921,355025473,165.01
1922,707116262,495.46
1923,920806910,331.65
1924,274717301,456.95
1925,608425977,689.8
1926,696874744,21.73
1927,928520507,516.43
1928,798436846,413.15
1929,464089402,932.82
1930,259661452,558.81
1931,171413076,275.85
1932,201700987,881.45
1933,99242040,691.29
1934,201232149,908.04
1935,762506420,24.02
1936,17009430,162.93
1937,703739478,392.78
1938,112269686,831.89
1939,270242580,456.33
1940,578028950,714.74
1941,296190753,16.8
1942,689835875,324.09
1943,519723422,748.02
1944,616603948,60.17
1945,424248748,92.38
1946,462740187,470.67
1947,152528746,278.23
1948,92614297,768.63
1949,68630858,881.45
1950,12411824,914.49
1951,12795665,593.63
1952,679717801,659.33
1953,446708793,56.09
1954,797245208,293.77
1955,127159867,145.74
1956,506444907,993.56
1957,958656278,440.41
1958,911673608,991.78
1959,486444286,430.6
1960,562467126,145.76
1961,411754912,618.43
1962,802711836,660.89
1963,689835875,909.49
1964,584199646,545.8
1965,844114254,73.1
1966,873473880,551.28
1967,133361312,5.51
1968,810513864,486.59
1969,777596988,215.21
1970,144844700,471.2
1971,548653716,277.77
1972,329666742,978.92
1973,587378635,810.2
1974,85691445,257.29
1975,118500888,500.5
1976,955838735,142.54
1977,239568254,625.02
1978,168622741,843.58
1979,554377704,824.97
1980,873473880,300.7
1981,103090736,133.59
1982,684084968,288.04
1983,329583043,243.02
1984,679717801,61.65
1985,229623285,446.2
1986,567389634,849.3
1987,625247249,850.04
1988,150294787,381.45
1989,946780403,80.88
1990,467283095,890.22
1991,593243613,186.22
1992,424065506,843.41
1993,331778786,735.64
1994,940400522,427.41
1995,840948552,73.79
1996,6662553,640.29
1997,114509551,980.69
1998,811058485,610.81
1999,316826972,697.35
2000,296486412,130.49
2001,144414609,896.19
2002,920226147,947.2
2003,976811856,196.6
2004,578028950,48.12
2005,957963142,381.58
2006,159842959,419.24
2007,245543648,943.24
2008,285520816,408.76
2009,186735771,924.54
2010,268655992,684.94
2011,549435240,880.5
2012,645757974,67.43
2013,528531619,306.69
2014,98121793,293.64
2015,841491994,507.71
2016,920769570,41.11
2017,605662982,266.94
2018,401197799,777.39
2019,718439489,109.39
2020,460595848,816.8
2021,58215370,499.64
2022,547067757,223.97
2023,333438418,724.36
2024,171103891,835.35
2025,186139914,114.41
2026,463339546,466.09
2027,856163261,732.16
2028,528302248,558.13
2029,469513550,823.45
2030,630930076,433.55
2031,92614297,735.42
2032,395912219,556.9
2033,426025146,47.96
2034,277736173,123.78
2035,478695209,505.04
2036,8385521,357.23
2037,581341041,929.34
2038,537489386,598.36
2039,25099568,93.0
2040,541921248,396.32
2041,472124880,542.62
2042,892922450,88.16
2043,606097817,93.81
2044,980727438,952.7
2045,169755376,996.47
2046,411754912,466.08
2047,424065506,379.18
2048,47127082,395.68
2049,851244768,23.71
2050,662038307,656.35
2051,664806274,502.42
2052,434685363,884.93
2053,388583473,832.16
2054,865580238,340.51
2055,395912219,585.28
2056,296486412,577.51
2057,567459923,150.07
2058,380475694,555.26
2059,895644235,144.8
2060,547067757,498.99
2061,380475694,409.05
2062,23596339,42.75
2063,236016174,383.99
2064,639043303,681.1
2065,550986437,731.41
2066,183145378,353.18
2067,363560211,624.39
2068,841146964,938.25
2069,330690548,478.03
2070,481858177,524.91
2071,761055094,747.85
2072,65357086,51.42
2073,561950880,55.14
2074,599701473,624.6
2075,756743761,691.05
2076,106271066,383.66
2077,550850584,33.82
2078,660083288,607.67
2079,413329365,579.31
2080,940400522,53.54
2081,57132814,411.8
2082,537102138,907.5
2083,101893793,548.93
2084,60362233,809.94
2085,864471055,72.73
2086,599701473,777.91
2087,707116262,381.24
2088,107220012,991.69
2089,638287774,59.54
2090,334295272,255.01
2091,525575765,161.42
2092,445729722,479.51
2093,825246857,979.18
2094,865580238,848.28
2095,988467358,615.17
2096,227315511,437.07
2097,861706691,460.43
2098,880542667,97.16
2099,753062954,748.4
2100,754499812,571.13
2101,726918306,993.68
2102,463339546,437.41
2103,763282286,27.62
2104,183945814,445.72
2105,894723192,915.75
2106,690041890,506.75
2107,372810351,161.38
2108,864471055,185.58
2109,705910258,479.77
2110,553195773,589.65
2111,641765172,985.28
2112,733070667,869.57
2113,342330476,802.16
2114,907378488,790.92
2115,608364061,111.02
2116,102042756,54.05
2117,288007456,613.56
2118,52078126,148.56
2119,920226147,468.27
2120,657690823,302.18
2121,632015114,840.21
2122,272163312,721.59
2123,949053263,623.53
2124,988467358,578.64
2125,200905222,986.75
2126,970239218,285.85
2127,707310434,569.1
2128,984781240,937.65
2129,158019019,515.2
2130,890767984,98.1
2131,974284712,767.48
2132,926933397,489.54
2133,808032667,17.08
2134,182847159,393.06
2135,696874744,96.3
2136,251830552,242.75
2137,652944758,865.86
2138,166256080,352.39
2139,400645564,593.14
2140,382173280,482.49
2141,935192049,4.26
2142,763129366,620.29
2143,285945599,218.93
2144,616403995,962.93
2145,739733291,978.66
2146,469105868,830.82
2147,977635382,927.39
2148,611105601,219.66
2149,147697737,749.3
2150,798436846,713.5
2151,729807300,866.39
2152,462744874,939.38
2153,171103891,141.28
2154,588228561,482.48
2155,703739478,406.28
2156,114509551,567.16
2157,293382840,300.59
2158,550850584,147.8
2159,49585975,68.53
2160,274717301,46.44
2161,802711836,318.08
2162,852434279,97.19
2163,304505481,205.47
2164,326388771,130.7
2165,49383998,788.59
2166,588228561,822.81
2167,416244956,560.0
2168,52469405,321.65
2169,889294201,639.89
2170,703953423,572.0
2171,559081485,646.07
2172,722512773,892.5
2173,12795665,876.37
2174,736312971,554.91
2175,285945599,532.47
2176,846382043,849.93
2177,419968971,575.0
2178,979790069,107.32
2179,763323237,432.04
2180,720994892,312.19
2181,280936396,923.44
2182,338630776,684.05
2183,256973377,239.62
2184,33067807,329.21
2185,407263508,891.82
2186,192926378,798.61
2187,114509551,365.41
2188,634460162,987.96
2189,976537792,407.37
2190,644546854,156.03
2191,591474302,954.26
2192,854583,139.95
2193,731251852,354.87
2194,948712905,837.12
2195,805388408,367.37
2196,984781240,403.13
2197,893897452,999.51
2198,329666742,101.22
2199,82031675,220.66
2200,499562282,785.89
2201,499694457,590.07
2202,615022363,521.94
2203,980727438,350.03
2204,163239271,138.39
2205,948712905,46.92
2206,717050195,488.03
2207,948712905,205.0
2208,626763509,139.21
2209,500066602,488.05
2210,229055801,764.61
2211,55040876,196.46
2212,248533748,457.5
2213,449977906,412.23
2214,551565374,464.9
2215,433627837,461.56
2216,860837945,95.65
2217,504862115,682.12
2218,705910258,280.08
2219,498863998,473.48
2220,435409738,244.64
2221,379726029,471.13
2222,638287774,296.06
2223,797276759,284.01
2224,875961694,593.0
2225,285945599,192.3
2226,378216209,78.38
2227,246190191,483.4
2228,545171228,650.07
2229,669861883,189.26
2230,567459923,949.57
2231,694800010,726.88
2232,201397491,683.54
2233,865580238,207.01
2234,423938635,559.89
2235,553195773,394.79
2236,320160034,327.64
2237,204796026,488.02
2238,827012509,904.19
2239,270242580,144.11
2240,780451858,91.31
2241,227539092,230.23
2242,550850584,749.27
2243,652250652,219.69
2244,168377075,230.25
2245,428255785,25.47
2246,537102138,992.63
2247,752026305,909.2
2248,159842959,707.36
2249,736312971,134.78
2250,468148523,315.15
2251,393753552,388.71
2252,49383998,393.75
2253,157095737,921.14
2254,354786012,675.19
2255,689593378,658.85
2256,559081485,364.13
2257,291772309,514.42
2258,726646412,706.05
2259,416244956,18.54
2260,101116518,42.91
2261,114509551,981.35
2262,40523509,531.6
2263,639043303,682.13
2264,752026305,403.32
2265,127130010,828.67
2266,440257091,535.42
2267,723478599,801.33
2268,365532820,345.45
2269,8385521,134.35
2270,166256080,67.44
2271,180386470,78.86
2272,110152327,704.61
2273,638287774,132.46
2274,611105601,846.42
2275,745304652,526.03
2276,441187391,289.55
2277,463385699,602.73
2278,611430267,145.79
2279,701794398,837.98
2280,621748308,39.33
2281,248984441,324.52
2282,446115590,927.38
2283,615022363,110.94
2284,648739240,165.7
2285,26671927,513.51
2286,246190191,432.77
2287,163239271,107.94
2288,112269686,651.38
2289,888026760,921.07
2290,752026305,449.48
2291,248533748,278.96
2292,113313191,0.3
2293,937664905,878.95
2294,793500426,65.77
2295,525106020,292.06
2296,57213392,151.48
2297,277736173,849.3
2298,198375316,886.15
2299,785351501,632.09
2300,582032524,481.67
2301,139596597,877.69
2302,520801241,484.47
2303,460595848,296.16
2304,756820979,875.52
2305,171103891,557.2
2306,180209612,645.46
2307,840948552,521.92
2308,115123151,762.29
2309,848051512,394.12
2310,459361512,526.96
2311,114509551,684.08
2312,731251852,88.97
2313,891517560,972.67
2314,625247249,630.89
2315,404323211,479.42
2316,946255837,38.75
2317,534316123,79.54
2318,256973377,467.86
2319,270242580,628.7
2320,758857881,176.27
2321,914174692,770.64
2322,192926378,186.64
2323,659957807,10.78
2324,548653716,782.34
2325,410593414,447.24
2326,662083863,573.09
2327,35229603,863.28
2328,388583473,266.19
2329,542507348,803.51
2330,101116518,99.51
2331,235654860,43.07
2332,890767984,870.17
2333,541370564,116.35
2334,464760716,671.74
2335,149516654,982.71
2336,216171160,859.57
2337,741664814,123.38
2338,166820147,759.66
2339,644546854,277.98
2340,394935933,321.15
2341,857232865,589.31
2342,780451858,589.17
2343,150294787,494.33
2344,478695209,27.92
2345,505781673,488.88
2346,670616553,901.83
2347,519723422,34.89
2348,127130010,327.63
2349,274717301,936.18
2350,871288871,811.38
2351,979790069,282.08
2352,84474642,410.38
2353,888026760,666.9
2354,65357086,425.28
2355,179672217,228.16
2356,930247982,930.78
2357,645336117,29.66
2358,638287774,4.94
2359,289998192,27.55
2360,354786012,54.55
2361,291213733,564.27
2362,310413301,870.91
2363,555523048,740.16
2364,102057332,103.08
2365,621748308,34.42
2366,852434279,994.93
2367,580715116,88.34
2368,104959518,678.76
2369,201700987,178.93
2370,637362296,153.46
2371,705910258,659.34
2372,248984441,257.53
2373,62420793,284.54
2374,229055801,874.53
2375,381403957,970.35
2376,652944758,530.4
2377,518040602,311.38
2378,329666742,648.97
2379,424248748,150.64
2380,334719814,51.06
2381,592664370,476.31
2382,485151761,507.11
2383,426025146,829.54
2384,322963807,121.96
2385,201232149,699.04
2386,925328219,370.22
2387,251830552,664.9
2388,379950969,439.09
2389,180128928,392.59
2390,475434986,61.12
2391,261984341,637.89
2392,416673283,784.08
2393,186139914,102.27
2394,353703298,154.67
2395,97478296,406.82
2396,423938635,310.72
2397,43236974,477.85
2398,394935933,252.42
2399,598183104,649.28
2400,227539092,990.3
2401,854583,882.74
2402,646196264,721.18
2403,576355611,197.89
2404,577533344,246.4
2405,591474302,341.75
2406,408830228,730.15
2407,201700987,887.67
2408,739124323,899.35
2409,869737932,846.39
2410,300493140,833.5
2411,886288899,446.84
2412,620142751,933.33
2413,187593722,120.48
2414,54866492,418.95
2415,216171160,68.37
2416,428718899,740.1
2417,848610490,598.66
2418,274039438,508.78
2419,330690548,99.87
2420,118500888,374.4
2421,957963142,448.87
2422,127159867,12.86
2423,682732798,249.21
2424,753647193,725.73
2425,102042756,644.12
2426,246190191,156.48
2427,856163261,18.55
2428,229055801,484.13
2429,304960349,33.94
2430,256973377,587.81
2431,899494713,85.74
2432,860078559,412.19
2433,551565374,183.9
2434,192926378,690.88
2435,328196499,237.55
2436,182847159,138.45
2437,606097817,109.45
2438,689593378,156.61
2439,494596916,707.17
2440,644830436,330.18
2441,505781673,613.88
2442,861706691,798.31
2443,273173130,520.96
2444,400280638,417.74
2445,66987993,865.19
2446,274039438,648.34
2447,732438931,483.37
2448,751782985,560.54
2449,632015114,90.04
2450,468454169,397.82
2451,288007456,821.16
2452,645757974,571.58
2453,974284712,794.21
2454,229055801,456.32
2455,329583043,252.66
2456,446708793,247.68
2457,309588315,871.55
2458,314651005,844.21
2459,52078126,888.81
2460,274717301,610.18
2461,67833593,701.8
2462,99885837,243.53
2463,459361512,21.25
2464,293382840,817.47
2465,662038307,516.47
2466,113313191,482.76
2467,834742401,48.84
2468,127159867,694.31
2469,175120040,850.22
2470,183946557,337.34
2471,444772473,736.46
2472,326388771,502.2
2473,662083863,376.28
2474,828487069,52.98
2475,873473880,593.43
2476,121477563,704.36
2477,741664814,989.55
2478,509585978,705.82
2479,608364061,400.93
2480,668192553,330.99
2481,441187391,444.51
2482,377480735,195.8
2483,812915516,525.31
2484,733070667,957.25
2485,552838945,16.94
2486,602385265,206.38
2487,180209612,581.53
2488,593243613,862.44
2489,851754225,133.89
2490,331778786,487.43
2491,826752633,144.97
2492,655723879,761.79
2493,372810351,233.08
2494,378743434,903.72
2495,316826972,457.07
2496,107220012,134.71
2497,948173380,987.97
2498,144844700,8.55
2499,964194115,303.7
2500,54866492,804.72
2501,494596916,428.67
2502,170401553,294.49
2503,289648,495.76
2504,227539092,720.89
2505,293382840,780.5
2506,660083288,928.16
2507,26671927,523.51
2508,25914553,649.08
2509,800912453,889.62
2510,95593393,40.83
2511,150294787,194.32
2512,920226147,164.86
2513,525861192,196.43
2514,899494713,282.44
2515,168622741,201.68
2516,871560816,739.5
2517,715779733,817.49
2518,605662982,369.71
2519,707116262,281.11
2520,555523048,809.19
2521,940400522,593.62
2522,428547555,848.11
2523,114820297,775.71
2524,525575765,333.1
2525,99242040,174.89
2526,537489386,134.15
2527,105098034,675.12
2528,171103891,881.11
2529,723564775,325.69
2530,445729722,916.09
2531,979790069,637.85
2532,189478187,913.59
2533,958656278,578.39
2534,895680254,541.12
2535,913585412,198.82
2536,767845657,692.34
2537,462740187,673.0
2538,35229603,961.29
2539,393753552,323.95
2540,426025146,290.85
2541,114820297,168.72
2542,260493415,867.02
2543,707523554,86.04
2544,574310304,607.76
2545,424248748,332.36
2546,660083288,578.37
2547,664806274,847.87
2548,464697087,316.58
2549,127159867,262.62
2550,732438931,897.16
2551,462740187,762.99
2552,204796026,677.02
2553,763129366,176.57
2554,177321071,873.14
2555,8385521,460.08
2556,649923495,207.14
2557,99242040,327.1
2558,651195088,365.37
2559,358551261,347.83
2560,940400522,373.99
2561,537102138,913.32
2562,255930056,906.74
2563,229055801,219.18
2564,443755998,616.84
2565,982557728,939.82
2566,559081485,87.42
2567,724200626,236.28
2568,811058485,212.94
2569,144414609,315.96
2570,133361312,620.66
2571,907378488,299.5
2572,481858177,279.27
2573,5109124,563.06
2574,689593378,794.13
2575,669995190,35.72
2576,281727207,597.38
2577,955665123,919.89
2578,858530900,9.22
2579,739733291,515.29
2580,637610742,260.91
2581,52078126,92.73
2582,423938635,303.77
2583,158429345,936.71
2584,567459923,101.15
2585,830544704,621.43
2586,525169762,72.75
2587,532761553,936.33
2588,753062954,322.59
2589,904293321,456.76
2590,736792033,865.86
2591,331778786,65.29
2592,866550733,538.41
2593,975049044,749.19
2594,491636057,353.98
2595,952281886,9.6
2596,396890331,413.55
2597,95593393,734.49
2598,537102138,752.82
2599,127159867,503.0
2600,453867202,232.71
2601,465110059,820.23
2602,758329587,675.83
2603,528531619,640.18
2604,400280638,785.11
2605,905226439,374.43
2606,518803269,487.47
2607,334295272,315.55
2608,158019019,461.92
2609,763323237,449.96
2610,754499812,195.18
2611,169755376,965.84
2612,955838735,640.32
2613,732438931,705.83
2614,854583,970.45
2615,259661452,619.62
2616,618210623,225.43
2617,616403995,293.76
2618,99885837,946.68
2619,958656278,447.29
2620,338630776,210.04
2621,818440054,733.48
2622,822211465,569.41
2623,894723192,289.69
2624,241658634,87.89
2625,151550055,721.66
2626,6662553,693.65
2627,901898295,738.26
2628,862314066,55.94
2629,95593393,148.73
2630,84474642,3.66
2631,395912219,943.32
2632,859538803,53.33
2633,367181465,378.48
2634,59536921,399.78
2635,204796026,67.73
2636,365532820,923.92
2637,857232865,637.12
2638,182847159,536.9
2639,241195101,6.79
2640,865580238,785.84
2641,621544764,323.39
2642,464089402,417.35
2643,180128928,343.87
2644,150294787,416.75
2645,754499812,242.05
2646,423578260,858.38
2647,434685363,558.25
2648,35058738,89.09
2649,684084968,631.37
2650,445729722,710.45
2651,99242040,437.17
2652,248422586,100.17
2653,51879066,375.59
2654,548653716,225.79
2655,715024834,40.61
2656,180209612,655.98
2657,54428563,519.71
2658,888026760,818.2
2659,553195773,607.12
2660,834742401,80.82
2661,413329365,602.65
2662,110152327,980.09
2663,98077690,872.04
2664,381403957,285.37
2665,55040876,574.68
2666,255930056,867.29
2667,859233277,882.48
2668,2563801,176.7
2669,599701473,295.14
2670,182847159,889.34
2671,285945599,668.06
2672,970461007,280.18
2673,930247982,727.16
2674,648739240,913.09
2675,114090708,960.53
2676,285520816,915.86
2677,764174927,533.77
2678,955665123,493.44
2679,235654860,310.28
2680,670616553,942.03
2681,147697737,77.4
2682,574310304,676.38
2683,580955964,795.93
2684,915821643,140.21
2685,151550055,866.88
2686,400645564,936.89
2687,830544704,433.21
2688,180386470,401.08
2689,227315511,539.27
2690,920769570,608.19
2691,793500426,156.8
2692,204796026,212.12
2693,718439489,304.6
2694,379337153,261.7
2695,242079923,919.44
2696,486970596,342.86
2697,346422732,314.44
2698,23596339,138.45
2699,32973091,993.46
2700,973867418,569.78
2701,905226439,248.42
2702,508757534,162.9
2703,273173130,719.93
2704,412897619,497.46
2705,396890331,59.07
2706,749116039,673.59
2707,411754912,600.55
2708,289998192,432.48
2709,729807300,388.43
2710,732438931,159.22
2711,378216209,899.3
2712,703953423,42.94
2713,419968971,883.35
2714,804600728,646.27
2715,726918306,723.89
2716,261088663,327.93
2717,865532190,371.46
2718,451391125,469.18
2719,123822080,822.73
2720,31850536,350.42
2721,616603948,713.26
2722,12411824,234.55
2723,499694457,293.95
2724,445729722,159.02
2725,756743761,328.4
2726,717855213,527.07
2727,979790069,174.63
2728,525575765,89.18
2729,575849649,865.32
2730,217259725,791.89
2731,815068338,459.93
2732,860078559,489.64
2733,899494713,734.94
2734,978799277,613.39
2735,802711836,884.38
2736,669795420,651.09
2737,524567239,101.98
2738,718439489,956.88
2739,25137956,12.19
2740,502189141,27.42
2741,377480735,862.19
2742,25064241,994.12
2743,304505481,22.18
2744,32973091,440.13
2745,48857801,890.41
2746,17006524,688.68
2747,12795665,853.63
2748,177321071,610.46
2749,736792033,801.09
2750,241658634,478.97
2751,186716519,712.05
2752,928520507,110.09
2753,220596437,456.7
2754,2563801,626.31
2755,370117140,497.65
2756,765372962,664.26
2757,588228561,689.5
2758,45309434,948.96
2759,469105868,187.66
2760,224129713,303.82
2761,48857801,664.64
2762,212471264,443.93
2763,772855129,921.81
2764,722512773,152.88
2765,248533748,473.07
2766,154416352,800.92
2767,924314292,426.67
2768,177321071,77.42
2769,144844700,611.96
2770,86512012,711.42
2771,138351478,60.71
2772,300493140,464.82
2773,84392320,572.39
2774,215832121,487.95
2775,578028950,14.01
2776,463339546,740.24
2777,48857801,593.94
2778,270286454,90.99
2779,370247590,194.04
2780,753647193,243.66
